,ratings,review
0,4,"1.5l of quantity in such good price is awsmm for students. boiling is very quick sad part is outer body also get too hot which makes inconvenience. it was three days since purchase and till now I have made tea, boil water, Maggie and soup. it's very easy to handle if you r good at cooking.i love the packaging and delivery was also quick. so overall i love the product and rest depend on how long it will work. Thank you flipkart.READ MORE"
1,5,Using it for more than a year ( bought it on 2015 billion sale).Very much satisfied. All praise for flipkart and for the price ( rs.500  only) paid.READ MORE
2,5,It's nice...READ MORE
3,4,Nice product n easy to use strongly recommended overall satisfied with it.READ MORE
4,4,Very nice productREAD MORE
5,3,"This is good product 👍 The delivery boy was so honest, friendly and well mannered ❤️ Thank you Flipkart 🤗READ MORE"
6,5,"The good part is , it is easy to clean inside of the jug.READ MORE"
7,5,This product is really good.  I am fully satisfied with it...  i bought this to use hot watr whn i hv cold...  really it s helpful.. within seconds it is getting ready... thank you so mch flipkart... 😍😘READ MORE
8,5,Good productREAD MORE
9,4,Good productREAD MORE
10,5,This product is owsam but  botel is quickly heatREAD MORE
11,5,Nice product.....working well...very satisfied...READ MORE
12,5,Just go for it this is best kettle in Flipkart. I write this review after usage of 1 week.Pros:-1)Best build quality2)Thicker steel jar3)Quick heating4)Auto cutoff power function when liquid temperature reaches a max limit.Cons:- steel jar also got heated Overall it is best product in this price range highly recommend to anyone who wanna purchase kettle.READ MORE
13,4,Hostelwala Maggie tasty 😋READ MORE
14,5,Very useful and efficient.It works very fast.Lots of options are there after heating water through this kettle it works accurate and time saver also.I like it.READ MORE
15,5,This Product is to GoodAnd The Company is to MuchREAD MORE
16,5,Nice product at this price range... it works properly and also automatic off system is also is good working... steel quality is better at this price.. overall nice productREAD MORE
17,5,EXCELLENT PRODUCT. .GOOD PACKAGING. .IN THAT BOX THE ORIGINAL AMOUNT IS RS 800..BUT FLIPKART GIVES IN DEAL OF RS 599..AWESOME. .    PREPARATIONS:1.WATER BOILING2.TEA MAKING3.NOODLES4.MILK BOILING5.EGG BOILING                        *****GOOD PRODUCT VALUE FOR MONEY******                                            (((RECOMMENDED STRONGLY))))READ MORE
18,5,Best product in affordable prize... to boil 1.5 liter water it takes 4.30 minutes.delivered within  2 days and also got replaced one..thanks to flipcartREAD MORE
19,4,Pros : 1. 1.5 litre2. Easy to clean3. Auto Cut facility4. Cheaper than other brands5. Good DesignCons :1. Body get warmREAD MORE
20,3,product is good but lid quality is very poor ..it has no strong connection with the kettle.it was broken only in the 3rd day of useREAD MORE
21,5,NiceREAD MORE
22,5,It's really good. You can boil water in mere seconds. You can also cook Maggi in it. But do not boil milk!!This is my first try Maggi. You can cook better in consecutive attempts..READ MORE
23,5,"Must buy, the build quality and heating speed is very good and attractive look , the blue lights are awsomeREAD MORE"
24,4,Have been using it since 3 months.. It's a v good product.. Easy to handle.. Has a short cord.. But I'm happy with the product...READ MORE
25,5,good product of pigeonREAD MORE
26,5,"Product is good with auto cutoff feature. Heats up water quickly. Seems sturdy , power cable length is adequate could be a bit long though. Bang for the value in budget.READ MORE"
27,5,worth of money even you boil milk alsoREAD MORE
28,5,Best productREAD MORE
29,3,The product was okay okay 👍READ MORE
30,3,I am a hostler.  so it is very useful for me.you can make Maggi boiling eggs Bolling milk by this kettle. this is a good product but it's packing is very poor.READ MORE
31,5,very good quality productREAD MORE
32,4,Need lengthy wire. Half meter wire is not enough.READ MORE
33,4,it got heated more from outside also. And product is ok not that good. valuable for the money.READ MORE
34,3,"ProsBoils water very fastCan be used to Boil Milk  and make MaggieConsThis product was made only to boil water. So while  heating anything else, one has to be careful as things may get charred.Cleaning is a difficult job.Product is a bit delicate especially the lidREAD MORE"
35,4,Base stand is very thin like easy breakable let's see how long it will last Heating is goodREAD MORE
36,4,"Oct 2018Good kettle. Worth the money. Boils water fast but it's a bit noisy when it's boiling. The body & handle gets heated up a bit but it's not that you can't touch it.Have been using it everyday from the day it reached..am happy with it. Also looks good.Feb 2019it's been 4 months using the kettle. everything is fine but the body of the kettles getting rusted on the edges, else it works great!READ MORE"
37,5,A very good product. I was inspired to buy one after my foreign trip to London. This was exactly like the one we used in our apartment at London. Easy handling and very safe. Go ahead and buy it.Worth the money .READ MORE
38,5,its a good product... well in condition and very useful to save time and easy to handleREAD MORE
39,5,Nice prodectREAD MORE
40,5,looking beautiful and good quality....1st day very happy to use this kettle....I used 1.8lts kettle before...but this is very compact size and value of money..... Packing is very good by Flipkart...Thank you Flipkart....READ MORE
41,5,VERY good product 🥰🥰🥰🥰🤗🤗 super nice and beautiful 🤩❤️READ MORE
42,4,boiled water smells like some strong chemical (plastic/paint chem. )after repeated cleaning it's still smells very odd.READ MORE
43,4,Good. Water gets heated quickly.READ MORE
44,4,"nice products happy with this product, I brought for my dad , he is happy of this , since a month it is working quite well ,READ MORE"
45,5,Very good product I like it very much worth for money  guys let's go for the purchase thank you flipkart🤗READ MORE
46,4,cable length is too shortother than that it's goodREAD MORE
47,5,good productREAD MORE
48,5,nice product...using since 15 days blue light looks amazingREAD MORE
49,5,Nice..good quality.. price also good...READ MORE
50,5,Nice 👍👍READ MORE
51,5,Very nice and affordable product thanks flipkart company for giving this awesome electric kettleREAD MORE
52,4,It's working condition is good but there is it seems burn smells is coming for every time when I boil the water. So I'm cleaning the kettle every time when I use it. that is why I'm giving 4 star. Expect that problem other things are  working properly.. quality of the product is very good.. anyway this product worth to get itREAD MORE
53,5,Hello i am very confusing which brand is the best one. At finally i decided to buy this Pigeon electric kettle. After i used nearly 2 week i written this review. 1. Design is super but the plastic quality is not shiny looks like old material.2. It's very easy to handle.3. Wire length is very short. if u want to increase then go to electrical shop and change the wire or u can use the extension box.4. Within 2 mins u can boil the 1.5 L water.5. And totally i am very satisfied with the low ...READ MORE
54,3,The item is o.k. according to the price.. But the wire to plug in is short. You have to stick to the switch board for it. Rests fine..!!!READ MORE
55,4,Good for 500 RsREAD MORE
56,4,Fast in hot and easy to clean worth productREAD MORE
57,4,good for hostlers and in winters for hot water at night instantly but the wire is very very small even not a one meter wire.READ MORE
58,5,Good product 👍READ MORE
59,5,Very fast and very good material i like it easyli use my office workREAD MORE
60,5,"If u want to buy at retailers minimum u spend 1200 but flipkart sold only 600, after one months used I write a review I just used for purpose hot water it's work super thanks to flipkartREAD MORE"
61,4,I am a hostel student so it is best and helpful to me but the wire is too short and the plug pins are meltingREAD MORE
62,4,Good productREAD MORE
63,4,SuperbbbREAD MORE
64,5,seems good.. but wire is too short?.. hope it will be useful for a hosteller like me.. happy with Flipkart ?READ MORE
65,5,"a nice product and most helpful in home. we can use it to heat water instantly and boil milk also. finally a useful product for home, hostels, in rooms etc especially comfortable to take it to anywhere while outing.READ MORE"
66,4,"i bought it before two days and use it for two days and now I'm sharing my review on this product.01) it is very good for boiling water it just takes 2 minutes to boil water.02) it is also good to boil milk but the problem is to clean inside the there,there is problem to clean it inside 03) I tried to boil eggs too and there I felt problem that egg was broken inside while boiling and second thing is it's just run for 3 minutes and switch off because of high temperature so u need to wait fo...READ MORE"
67,5,NiceREAD MORE
68,5,Very good 👍 👍 👍 👍 👍 👍READ MORE
69,5,Best kettleREAD MORE
70,5,Very nice katleREAD MORE
71,5,very good product. Makes tea with ease and also easy to prepare noodles in it. Good productREAD MORE
72,5,amazing...great productREAD MORE
73,5,Go for it. Best quality. Its worth every penny. I get the warm water in just 5-10 seconds. That's amazing!READ MORE
74,5,Good quality and working fine.READ MORE
75,5,fantastic product with reasonble price.. loved it.. love u flipkart for ur services.. other online site people are cheating by keeping more taxes and delivery charges.. but ur services n faster delivery is superb :) love ur services alwz..READ MORE
76,4,"At first usage, it was leaking but now it does a great jobREAD MORE"
77,4,Nice  productREAD MORE
78,4,"First of all i would say that the kettle is pretty good at such a decent price of Rs. 599 , the only thing i didn't like is that the length of the cord is very small , it should be long enough but the quality of wire is is also good ...Just go for it ...READ MORE"
79,5,awesome product. must buyREAD MORE
80,4,Very nice.. Love itREAD MORE
81,4,Very good productREAD MORE
82,4,"The product does what it is supposed to. Quality of the product is good too. But, has few points which it can definitely improve upon, 1. there is no marking on the product to indicate how much water we are filling other than min and Max. 2. the electric cable connection to base charging station is very short. 3. the base charger plastic looks very flimsy and not sturdy at all, also the plastic edges are not smooth and feels fragile.improve on these points and your product will definitely...READ MORE"
83,4,Good efficient product  save ur time and easy to use cleanREAD MORE
84,4,Easy to handle and easy to clean it.And I like the automatic turn off of the kettle when the water is over heated.But the length of the wire very small.READ MORE
85,4,AwesomeREAD MORE
86,4,Nice 👍Very Nice Product.READ MORE
87,4,OkREAD MORE
88,4,"So i bought this specifically for boiling water. It is pretty decent and the capacity is good. Boils water in just a few mins. And to all those silly people asking about whether you can boil milk, egg . maggi etc in this kettle.. ITS A BIG NO. Please use it for boiling water only!READ MORE"
89,4,Thank you flip cartREAD MORE
