Sno,ratings,review
1,5,"Awesome product very happy to hold this. Better In hand feel,matte finish. Good camera, Brighter screen with Dynamic Island, USB-C, great battery life.60Hz display is a dealbreaker for some.Its not much noticeable.Thank u Flipkart for the best deal and quick delivery.READ MORE"
2,5,"So beautiful, so elegant, just a vowww😍❤️READ MORE"
3,5,Totally happy!Camera 5Battery 5 Display 5Design 5READ MORE
4,5,for me its 10 out of 10✨READ MORE
5,5,Simply premium.READ MORE
6,5,Great!READ MORE
7,5,Awesome 🔥🔥☺️READ MORE
8,5,best camera and battery is also very good In love with dynamic Island Type-c charging is very fast. Overall best phoneREAD MORE
9,5,Using this Iphone 15 from 1month and it has best CameraREAD MORE
10,4,Awesome camra quality superb camra 😊READ MORE
11,5,Simply Awesome 🤩READ MORE
12,5,This is my first iphone ever used loving it already this is worth it 🥰READ MORE
13,5,Nice 🙂🙂🙂🙂🙂READ MORE
14,5,Thanks Flipkart I m glad such a beautiful iPhone 15READ MORE
15,5,Awesome phone powerful performance and battery backup are also very good no heating issue ☺️READ MORE
16,5,Camera is just wow. All classes clicks are done at night....phone Performance is awesome.... I'm writing now again for review...it's really maintained its premium imageREAD MORE
17,5,A Perfect Smartphone 😍❤️👌👌READ MORE
18,5,"The iPhone 15 exceeded my expectations in every way possible. The sleek design, stunning display, and lightning-fast performance make it a standout device in the smartphone market. The camera quality is unparalleled, capturing every moment with incredible detail and clarity. Plus, the battery life is impressive, easily lasting me throughout the day. With the added bonus of a great deal and discount, purchasing the iPhone 15 from Flipkart was an absolute steal.READ MORE"
19,4,Nice phone goodREAD MORE
20,5,Awesome quality I am very happy. Thank you Flipkart.READ MORE
21,5,moving from android to apple is a surreal experience. still apple could focus on more flexibility towards the apps.READ MORE
22,5,Camera 🔥READ MORE
23,5,Their is nothing to explain about Apple iPhone nowadays everyone knows when ur comes to iPhone 15 is just amazing 🔥READ MORE
24,5,48 megapixel is lit🔥Thin bessels compared to 14Lesser in weightDynamic Island works perfectlyGood battery backup ⚡My rating 5/5READ MORE
25,5,Simply wow wow wow 😍❤️READ MORE
26,5,Super Good ProductREAD MORE
27,5,It's performance is super and nice camera also a ok battery backup..READ MORE
28,5,Camera is so goodREAD MORE
29,5,Absolutely premium product..just wowREAD MORE
30,5,Such a amazing phone 🫶🏻READ MORE
31,5,It looks so good in my hand !.......WAU?READ MORE
32,5,AwesomeREAD MORE
33,5,Best for regular usageREAD MORE
34,4,Very nice product☺️☺️we loved the phone very muchREAD MORE
35,5,"Great Experience Flipkart I am giving 10 of 10 Camera, Sound, Screen... Transportation Mi note 9 pro Max to Iphone 15 .READ MORE"
36,5,A perfect n balanced phone ❣️. Was thinking of switching to ios from last two years and yeah its worth buying the black beauty 🖤.READ MORE
37,5,Camera quality top notch 👍READ MORE
38,5,Nice 👌READ MORE
39,5,I was sceptical of online purchase but I was wrong I got what I ordered Best phone everREAD MORE
40,4,Nice productREAD MORE
41,5,"Just upgraded from iphone 12 to 15 and I totally loved this 15 series.Camera:- No doubt iphones camera are best of any other smartphone, primary camera is now 48mp which gives quite sharp images, 2x in portrait mode is definitely a game changer in base varient.Battery:- 3349 mAH is quite better as compared to older versions.Performance:- Apple improve performance by introducing A-16 bionic chip, no doubt performance is on top.Display:- In display we get dynamic island which gives phone mo...READ MORE"
42,5,Pic Quality AwesomeREAD MORE
43,5,Absolutely gorgeous 😻READ MORE
44,5,Camera is good but not too good like other camera phone.Performance is good but missed 90hz display.Battery is good enough for a day use.Sound is quite awesome like no other phonesRest phone is good to go for.READ MORE
45,5,Loved this product ❤️❤️READ MORE
46,5,The camera quality is just awesome ..just like DSLRREAD MORE
47,5,It's amazing nd also the delivery boy was very humble.READ MORE
48,5,Awesome...READ MORE
49,5,Best in class..! Superb camera and performance. Fine grip.READ MORE
50,5,awesome camera looks like Captured DSLR quality Sounds quality bestBattery backup is good not better and bestAbout performance i have no wordsREAD MORE
51,5,Really its the best and richest design 😍READ MORE
52,5,"Just ok like any other premium android phone. Sound is just fantastic and face unlock feature is more convenient than fingerprint scanner. Battery backup is more than android 5000 mah battery. This is my frist iPhone, migrated from android due to chipset heating problem in Google tensor chip and Samsung exonys processsor.READ MORE"
53,5,Switch from android to iPhone😍Just wow. Camera and battery backup is outstanding for daily useREAD MORE
54,4,Writing this review after extensive usage. Hope it helps interested buyers decide.1. Display:- 4/5 (Great display but limited to 60Hz in 2023-24)2. Camera:- 4/5 (Great cameras but no telephoto at this price segment but this time Apple really nailed it with the 15 series 24mp shots are very sharp and detailed)3. Performance:- 5/5 (One of the fastest SOC available right now)4. Battery:- 3/5 (Average battery life also charger not included in the box and still charges slowly with the 20w bric...READ MORE
55,5,"This mobile is phenomenal, I like the camera mostREAD MORE"
56,5,Love the performance 👍READ MORE
57,5,I have been using this phone since two months.And this phone is amazing.  Camera- 10/10Display- 10/10Performance- 10/10Battery- 9.5/10READ MORE
58,5,NiceREAD MORE
59,5,As Expected 🤣😂🫣READ MORE
60,5,Amazing one_____😍😘✌️READ MORE
61,4,"Coming from an iPhone 11, the upgrade is not completely unnecessary. I can see few daily improvements which impacts me personally. The battery back up is a good upgrade. The cameras are obviously better. The Dynamic Island is alright but not something I cannot live without. Face ID works smoother. I am not into games, so no comments on that. For a regular person, this phone is more than enough. And for people with other Apple devices, this is just an awesome part of the ecosystem.READ MORE"
62,5,Light weight phone. Camera and sound is fine and performance is highly appreciable.READ MORE
63,4,Mobile battery consumption very fastSo that I charge 3 times to charge in a dayREAD MORE
64,4,Everything lovely Just for the first time u wont feel much difference b/w pro and non pro model iphones.READ MORE
65,4,I upgraded from iPhone 13 to 15 and this phone is awesome worth the money go for itREAD MORE
66,5,Awesome phone ❤️READ MORE
67,5,Nice device!READ MORE
68,5,Awasome Phone Awasome Camera🐼........Rest is History DuduREAD MORE
69,4,"Battery is worst!I am moving from android, so i feel my 20k android phone is better than this iphone. Although i brought this for apple ecosystem!READ MORE"
70,5,Coming from iphone 12 mini.Camera is definitely a upgrade over the previous generation.Design outside remains the same. Pastel colours with matte finish.The Dynamic Island is what i liked for the notification part.Processor of previous generation pro models.Overall a value for money among the 15 models.Got it a great deal in flipkart clubbing exchange and bank offers.Delivery was on time.READ MORE
71,5,Superb... Shifted from Android to iPhone 15..classs👍READ MORE
72,5,Nice Product Thanks for Flipkart Camera 10/10Battery 8/10Display 10/10READ MORE
73,5,I order smartphone from Flipkart. This is my 4th phone i order. I have had the best experience every time.READ MORE
74,5,"Great phone except the battery, which isn't bad as well. Just not as good as other flagshipsREAD MORE"
75,5,Very nice product 👌👌👌👌👌READ MORE
76,5,Loved it 🥰READ MORE
77,5,Performance superREAD MORE
78,5,SuperREAD MORE
79,5,Only 90fps is need And best phone of the year goes to this phoneREAD MORE
80,5,Overall sameREAD MORE
81,5,Nice one 🫶READ MORE
82,5,Amazing product❤️❤️Best iPhone out of all the iPhone seriesREAD MORE
83,5,Awesome😍switch from android to iOSREAD MORE
84,5,"This is an amazing phone and back side of phone is frozen glass which makes it less prone to finger marks while holding. Till now enjoying it, will update with further details after a week.READ MORE"
85,5,Camera quality are too Great Display awesome Battery is average Design is very nice Overall very goodREAD MORE
86,5,Nice ColourREAD MORE
87,5,Awesome productREAD MORE
88,5,Fully satisfied 👍🏻READ MORE
89,5,"Upgraded from iPhone 11, The camera quality is awesomeThe display quality is great and the dynamic island working perfectlyHappy with Apple and FlipkartREAD MORE"
90,5,v v goodREAD MORE
91,5,awesome cameraREAD MORE
92,5,Nice device!READ MORE
93,4,Design n Build Quality is Best in Class.Performance is amazing.Camera is Good.READ MORE
94,4,Very nice product☺️☺️we loved the phone very muchREAD MORE
95,3,Not giving a fast refresh rate is really a bad idea.Shame on you apple...with this range of phone this kind of average feature should have been given.READ MORE
96,5,Overall sameREAD MORE
97,5,Awesome qualityREAD MORE
98,5,"The best part of camera is cinematic video which is fabulous. Rest of the things are good, but cinematic mode is on next level, higher rate is missing which may hurt phone noise cancellation is on. Also next level. Some small small features which make sweet point to use and make it different from android efforts of making iOS and developing some sweet sweet things are appreciable and if you have MacBook or iPad, ecosystem work, fantastically the best things for this iPhone is much much better...READ MORE"
99,5,Just go for it.Amazing one.Beautiful camera with super fast processorREAD MORE
100,5,Camera quality are too Great Display awesome Battery is average Design is very nice Overall very goodREAD MORE
101,5,#NAME?
102,5,Best photo for iPhone 15READ MORE
103,5,Switched from Redmi 12 5G to Iphone 15 . It feels like I have never used Phone. Totally Worth It and the Feeling of using Iphone is Super Awesome.READ MORE
104,5,Amazing one_____😍😘✌️READ MORE
105,5,Camera is just wow. All classes clicks are done at night....phone Performance is awesome.... I'm writing now again for review...it's really maintained its premium imageREAD MORE
106,5,This is my first iphone ever used loving it already this is worth it 🥰READ MORE
107,4,Overall performance is best.Good aesthetic and nice color. Only thing worries me that it gets really hot with increase of brightness and during 15 min video call..READ MORE
108,4,Everything lovely Just for the first time u wont feel much difference b/w pro and non pro model iphones.READ MORE
109,5,I just loved it 😍Thank you so much ❤️READ MORE
110,5,"Mind blowing purchase, I received the right item. Thank you Flipkart.If telling about iPhone its value for moneyGreat camera and video. 5/5Display 5/5Sound and heroics 5/5 Overall good.READ MORE"
111,5,What a phone super performance with light weight. Please find my details review as follows. 1. Camera - camera is super with very gud quality photo even at night as well. 2. Battery - battery backup is fine and will last for one day long. 3. Performance - iphone 15 performance is super. No lagging and no heating issue. Cons-1. Battery could be better at this price range. 2. Face recognition is not good as not always open with face IDREAD MORE
112,5,Overall Beast Performance 🔥10/10 Just Go For It 😎👍READ MORE
113,5,The best one from apple💙READ MORE
114,5,Very goodREAD MORE
115,5,First time experiencing I phone. It feels premium and quality is awesome love it ❤️❤️❤️READ MORE
116,5,"Overall, I'm very happy with the phone. It's a great all-around phone with a powerful processor, a long-lasting battery, and a great camera. I would definitely recommend it to anyone looking for a new phone.READ MORE"
117,5,Amazing. This is my second iphone after 11 pro.Used it for 3 days till now. No heating issue. While setting up the device/updating ios/transferring data - it didn't heat at all. Smooth experience. Best buy for 2024.READ MORE
118,5,AmazingREAD MORE
119,5,Look and design very niceREAD MORE
120,5,Amazing phone But Now days Chapri people Drop apple's brand value.READ MORE
121,5,Pros:1. Incredibly smart device this year2. iOS interface3. Data Privacy4. Premium build quality5. Dynamic Island6. Ecosystem benefits if you own other Apple devices7. Powerful processorCons:1. 60Hz refresh rate for a flagship (although not very noticeable)2. No improvements to Siri3. Expensive4. Low possibility of repairREAD MORE
122,5,"Bought it from flipkart, as I was getting the best price here!READ MORE"
123,5,Very nice product 👌👌👌👌👌READ MORE
124,5,"The best in class iphone. Many people may mock iPhone, but everyone have to accept that iPhone has the best in class features and technology. It is obviously not fair to compare iPhone and android because each have its own pros and cons. Seeing the features that iPhone provide at this price point is really of premium level and I am pretty sure you are gonna enjoy using this awesome device.Speaking about specs, iPhone 15 has the best camera till date, the best display, awesome battery managem...READ MORE"
125,5,super 👌👌👌👌👌READ MORE
126,5,As Expected 🤣😂🫣READ MORE
127,5,It is a really good phone for daily tasks. The cameras are great 48mp photos are very sharp and detailed. You can relay on this phone for 5 years. I have other apple products and the ecosystem is also great. Everything works seamlessly. For those who are switching from android:Battery life is good in this phone but compared to my previous phone which had 4500mAh battery I have to charge this phone 2 times in a day almost after limiting the battery to 80%. Overall it is a great phone the v...READ MORE
128,5,Nice 👌READ MORE
129,5,Heating issueREAD MORE
130,5,Excellent!!!READ MORE
131,5,Awesome.Camera too goodDisplay too goodBattery GoodFeels too goodREAD MORE
132,5,Very good deal and fastest delivery in next day.READ MORE
133,5,Super Good ProductREAD MORE
134,5,Loved it 🥰READ MORE
135,5,NiceREAD MORE
136,5,Amazing Camera and batteryREAD MORE
137,5,Nice phoneREAD MORE
138,5,My mom giftREAD MORE
139,5,Performance superREAD MORE
140,5,Nice Overall performance. Loved the inhand feel of the device 😍 Amazing camera qualityREAD MORE
141,5,Happy 😊READ MORE
142,5,SuperREAD MORE
143,5,Just wowBuy it nowREAD MORE
144,5,Best phone nice camera and performanceREAD MORE
145,4,I phone is phone nothing but it's a brand that makes the cost. Better should be more improved. And it gives heat.READ MORE
146,4,"A Mixed Bag of BrillianceThe iPhone 15 flaunts an impressive camera setup, capturing moments with exceptional clarity and detail. However, users may encounter heating issues post 80% charge, which could disrupt prolonged usage. Occasionally, screen touch glitches may hamper the otherwise seamless user experience. Despite these setbacks, the iPhone 15 excels in performance and features. The standout Dynamic Island feature enhances productivity and personalization. Overall, the iPhone 15 is a...READ MORE"
147,4,"Actually phone is very good this is my first iPhone i found heating at back panel at normal usage also, it should be fixed asap because giving 80k for premium feel and still not feels worthy after heating, it gains heat very fast and cools down too but due to heat battery drop is very fast .READ MORE"
148,5,Very good productREAD MORE
149,5,"A great phone with quality display 60Hz, average to good battery backup, speaker same as 14, camera is very good in this segment, performance toooo good for this compact sized phone almost never heated much except for charging and bgmi though normal for every phone. Dynamic island animations are great though not a fan of it still better than notch. And design is amazing very premium.READ MORE"
150,5,Everything is good. Battery backup is hardly 6hrs will come while continuously usage. Camera is fantastic. In this iphone 60 hz refreshing rate is equals to 120hz refresh rate in android. Very light weight.READ MORE
151,5,"Guys dont listen to negative reviews about 60hz display and batter heating issues. ios makes you forget that you are using a 60hz display cuz its much better than a 90hz or 120hz display in android. zero bugs, amazing user interface, best camera in class. after using oneplus, samsung, redmi, realme, infinix and oppo for the past 10 years, finally am realising why people hype iphones. truly amazing experience.READ MORE"
152,5,Awesome buyREAD MORE
153,5,Am a Android User First Time Switching To IOS Really Its Awesome (iphone 15) Camera 5/5Battery 4/5Design 5/5Display 5/5Speaker 5/5READ MORE
154,5,Android is better than iosREAD MORE
155,5,Excellent purchase battery life is good for medium usage but can get you through the whole day on single charge. Am just loving this phoneREAD MORE
156,5,It was on republic sale. I got value for money.Piece is genuine.Camera is best with 48 MP primary lens.Performance is very good.There are some restrictions otherwise it is very good.READ MORE
157,5,This is my first iPhone . Bought it from flipkart and flipkart never disappoints me. Bought it during Republic Day sale and got a really good deal. Thank You FlipkartREAD MORE
158,5,The product is very nice just switched from iPhone XR. Was thinking to buy Samsung S24 but happy with this purchase.The camera is awesomeA single charge will last for a dayREAD MORE
159,5,best camera phone 🥰READ MORE
160,5,NiceREAD MORE
161,5,Very nice phone im happy very good 👍READ MORE
162,5,I can say the 60hz doesn't feel 60hz it is very smooth and may be because of appleI was too worried about the 60 hz because I was switching from 120hz Android (realme GT master edition) to this one but after using iphone 15 I feel lags in my android 120hzBut I feel camera quality is avg but videography is next level Love the speakerQuality of display is just wowCharging is also quite good and battery backup is also awesomeI am getting 5-6 hr gameplay(free fire+bgmi) from 100% to 25% qui...READ MORE
163,5,Very Best baseline iPhone ever. even if you have a iphone 14 it is still a upgrade. the new frosted glass and rounded edges make it premium feel. camera is just awesome. better than 14 pro camera. battery is just like iphone 14. type c is also a welcome with braided data cabel. just blue colour looks a lot like white.READ MORE
164,5,Very powerful phone. Camera is extremely good if one can adjust the settings. Battery backup is awesome. Design is handy. Features are cool. Price is reasonable.READ MORE
165,5,"Great purchase. Was heating up a little for first few use and while charging, but got normal afterwards. Like the design. Camera is great as expected. Happy with my purchase 😃READ MORE"
166,5,"Nothing to say..✌️(Camera, performance, display, design, battey service )Everything is Perfect 😍READ MORE"
167,5,FantasticREAD MORE
168,4,"Phone is good built lightweight,handy, camera good quality, display great phone is nice if love it's OS and can spend that muchREAD MORE"
169,5,Just Awesome ❤️- Was bit skeptical about 60Hz but it feels extremely smooth.- No heating issues at all. - Camera quality is also good.- Overall nice upgrade for me after using poco f1 for half a decade.I would definitely recommend it. Just go for it you wont regret.READ MORE
170,5,"Very good experience, highly recommended for upgradeREAD MORE"
171,5,Awesome experience. thanks to flipkartREAD MORE
172,3,"The only thing I like about this phone is the camera quality and that is the reason I bought this phone.I already have an Android phone which is less than 50% of its price and still is better in every aspect except the camera.Well! Definitely, iphone 15 has a flagship level chipset but I am not a gamer and a normal user and I find mid rangers and flagship all perform at similar level in daily tasks.While iphone 15 only has 60hz screen which feels choppy, all other phones have 120-144hz scr...READ MORE"
173,4,Not justifying the price .. bit disappointed about the  display (refresh rate should be high).. no differences between 12 and 15 except brightness .. those who willing to upgrade plz be ok with your 13 .. there is very low difference in day to day life use..but the Dynamic Island is awesome it is way better than expected..READ MORE
174,5,Smooth 🔥READ MORE
175,5,Having a great timeREAD MORE
176,5,"High quality camera The iPhone 15 has a new 48-megapixel main camera. The new camera sensor is larger than the one in the iPhone 14, and it has better low-light performance. The iPhone 15 also has a new 12-megapixel ultrawide camera and a new 12-megapixel telephoto camera.READ MORE"
177,4,"AFTER ONE WEEK OVERALL PERFOMANCE IS GOOD BUT  FEW APPLE MUST IMPROVE 1. Design very Round on Corner gives a feel of baby Toy, 2. Some thing must improve in iOS 17 its very Classic in this mordern era like Auto Rotate not possible on photos you will have to go home select rotate lock etc.READ MORE"
178,5,Switch from OnePlus to iPhone I am stunned with camera performance. Everything is perfect on  iPhone 15.READ MORE
179,4,NiceREAD MORE
180,5,Loving it!!! Delivery was quick .READ MORE
181,3,Device is getting too hot. It's looking like you have the burning stick.READ MORE
182,5,Awasome Phone Awasome Camera🐼........Rest is History DuduREAD MORE
183,5,A great upgrade from iPhone 11..The battery backup is great it is even better than iPhone 15pro which is obvious due to the proMotion 120hz display..Yes you'll feel the absence of 120hz but it doesn't matters that much until you play games yes you won't get 90fps on bgmi but yes still you can play games without any hesitation everyone mostly knows that and yes 60fps is enough coz our eyes can fully utilise the 60fps Higher fps are just eye pleasing..So It is not a big deal..Camera performance...READ MORE
184,5,Good stuff.. bss thora battery cazual hai 💀READ MORE
185,5,Good mobile but charging is getting down fastttREAD MORE
186,5,All are good 😊READ MORE
187,5,nice oneREAD MORE
188,5,Looking Like Monster 🤍💙READ MORE
189,5,Awesome I switched from Android it's great feeling just go for it 🥰🥰🥰READ MORE
190,5,Very good productREAD MORE
191,5,Superb phone ❤️ I am using last 5 year of iPhoneREAD MORE
192,5,Good cameraREAD MORE
193,5,The colour blue is so good and the battery life is so long as compared to 14 the camera is much better than 14series best phone I experienced very goodREAD MORE
194,5,GoodREAD MORE
195,5,"Switching Android to ios awesome experience,I just love it . And thanks Flipkart for open box delivery option.READ MORE"
196,5,Just wowwww ❤️READ MORE
197,5,Best dealREAD MORE
198,5,"I have recently switched from Android to ios, it does feel very strange at the beginning but now I am getting habitual to the iosIt is really very nice and feels premium. The camera is also very nice. I am fully satisfied with this purchase.READ MORE"
199,5,Verrrry good productREAD MORE
200,5,This is adorable   Most important  C type charger  cable I am happy with  iPhones 15 series  ⭐️⭐️⭐️⭐️⭐️READ MORE
201,5,Best phoneREAD MORE
202,5,"I am very happy to buy it because its camera is very good and its performance is also very good, its features are also very good and will never make you bored. 😍READ MORE"
203,5,Excellent phoneREAD MORE
204,5,Genuine product. Thank you flipkartREAD MORE
205,5,OkREAD MORE
206,5,The iPhone 15 features a 48-megapixel main camera sensorIt is powered by the A16 Bionic SoCThe iPhone 15 now comes with Dynamic IREAD MORE
207,5,Best IphoneREAD MORE
208,5,I lovedREAD MORE
209,5,Nice product but battery issues please solowREAD MORE
210,5,Best dealREAD MORE
211,5,"Good display, improved display brightness, awesome cameraREAD MORE"
212,5,Great product:)READ MORE
213,5,Nice ProductREAD MORE
214,5,U all know about iPhone 15 so am very impressed with blue colour damn beautiful ❤️READ MORE
215,5,GoodREAD MORE
216,5,Awesome experience in my opinion. I am first time iPhone user. And can say:-Camera: 10/10Performance: 10/10Display: 10/10Battery: 8/10READ MORE
217,5,"Awesome phone, thanks to Flipkart for quick delivery. This is my 1st iOS experience so very excited .READ MORE"
218,5,Great phone!Thank you flipkart.READ MORE
219,5,for me its 10 out of 10✨READ MORE
220,5,Beautiful phoneREAD MORE
221,5,Very FabulousREAD MORE
222,5,Very good productREAD MORE
223,5,Super experience😘😘READ MORE
224,5,Awesome...READ MORE
225,5,Amazing camera but battery  perform not goodREAD MORE
226,5,Upgraded from iPhone 12 to 15 every thing is nice but little bit heating issues is coming while charging the phone I requesting apple to kindly resolve this issue in next update.READ MORE
227,5,"Body gets heated up. Apart from that, all good! Type C charger is a good relief! And amazing delivery by FlipKart too!READ MORE"
228,5,NICEREAD MORE
229,5,Nice product but battery 🔋 quality BadREAD MORE
230,5,Awesome Gaming and Photography ExperienceREAD MORE
231,5,It's an awesome experience but if ur a vlogger u need and android must but other wise it's a great  iphone till date👍READ MORE
232,5,Nice prodREAD MORE
233,5,Most useful deviceREAD MORE
234,5,Nice productREAD MORE
235,5,Excellent phone battery bakeup is also goodREAD MORE
236,5,Wonderful 👌🏻READ MORE
237,5,Very good handset once you purchase not change the Apple brand. 💯 original apple brand and authorised for Flipkart seller.READ MORE
238,5,All good in this n camera superbREAD MORE
239,5,Amazing product .camera quality is decent           Sound quality is amazing Display quality is superb.battery quality good overall very good.READ MORE
240,5,Night mode is so smoothREAD MORE
241,5,Awesome Phone with awesome camera. Updated from iphone 13 to 15 I love this.READ MORE
242,5,"As always fast delivery by flipkart,Stunning design, powerful performance, and exceptional camera quality define the iPhone 15. With its sleek build, vibrant display, and lightning-fast chip, it's a flagship smartphone that delivers on all fronts. Capture breathtaking photos, enjoy seamless multitasking, and experience all-day battery life. The iPhone 15 is a premium choice for those who demand the best.Go for it without any thinking if you are trying for premium segment.READ MORE"
243,5,Over all good after 20 days use I like itREAD MORE
244,5,Awesome Product Just Love ItREAD MORE
245,5,Very goodREAD MORE
246,5,Bery bery goodREAD MORE
247,5,NiceREAD MORE
248,5,BrilliantREAD MORE
249,5,AwsmREAD MORE
250,5,Nice phoneREAD MORE
251,5,OsmREAD MORE
252,5,Loved itREAD MORE
253,5,Amazing camera pic 😍READ MORE
254,5,Amazing camera qualityREAD MORE
255,5,NiceREAD MORE
256,5,BestREAD MORE
257,5,Mobile I got from Flipkart is really original and genuineREAD MORE
258,5,I have used this 1st time and never had an iPhone before this one and it's amazing just loved it...READ MORE
259,5,Nice camera and battery also.READ MORE
260,5,Camera Quality 👌💯👌READ MORE
261,5,"1. It is the best phone and worth every rupee in terms of its user interface, unique eco system, siri and some other options  which can be copied by other manufacturers but cant replicate (if incase a person thinks iphones are bit overpriced - they are pricing for their unique features)  2. In terms of camera, display, performance and in every other aspect it gives best output.3. In terms of this iPhone 15 series, the upgrade in this series is of leaps and bounds compared to other upgrades ...READ MORE"
262,5,"This is my first mobile from apple. Powerfull performance, very good camera..next level display.. 5 out of 5READ MORE"
263,5,Best CameraREAD MORE
264,5,Phone is super duper very nice hasome wonderfull miracleREAD MORE
265,5,Best phoneREAD MORE
266,5,Superb Performance ✨READ MORE
267,5,"The innovative new design features back glass that has color infused throughout the material. A custom dual ion-exchange process for the glass, and an aerospace-grade aluminum enclosure, help make iPhone 15 incredibly durable. Dependably durable.READ MORE"
268,5,Money worth itREAD MORE
269,5,Good Performance.READ MORE
270,5,The Experience with new features is Amazing . Definately iphone 15 is better than 13 or 14 .READ MORE
271,5,Good photo sutuREAD MORE
272,5,Long time android user. Thought of giving iOS a try. And now I understand why apple is apple. The highlight is the interaction between the hardware and the software. Android feels clunky in front of iOS. (Have used all Android skins and currently on s24+)READ MORE
273,5,Worth upgradingREAD MORE
274,5,It can be more better if display refresh rate has 120hzREAD MORE
275,5,Honest review after using it for a month! Best phone of apple so far camera battery performance are on top notch!READ MORE
276,5,Pwoli itemREAD MORE
277,5,Great product again from apple.Worthy upgrade from iPhone 14. Dynamic Island is great. Battery easily last for a day.. Happy with the product.READ MORE
278,5,Good camera and battery but ios is still far behind than Android in terms of ease.READ MORE
279,4,"All over i find it good except the heating issues, of course its type C but when you charge it with other cable it will heat like hell, and if you take it out in noon time and take photos ,it will heat else there were no performance or body shading issues ,the in hand feeling is awesomeREAD MORE"
280,5,"Nice product,,and delivery is awesomeREAD MORE"
281,5,Best product...READ MORE
282,5,op most value for money productREAD MORE
283,5,GoodREAD MORE
284,1,Heating issueREAD MORE
285,5,Very good camera quality and performanceREAD MORE
286,5,very nice 15READ MORE
287,5,"iPhone is always the best in every quality category. Earlier, there were battery backup issues, but I am getting more than a day of battery backup. The island display in the basic model is really exciting, which was earlier in the Pro model only. I recommend you guys to go for it without any thought, if you don't require a high refresh rate display.READ MORE"
288,5,Awesome quality but phone is little heatingREAD MORE
289,5,Excellent phoneREAD MORE
290,5,Product was genuine and great.READ MORE
291,5,Iam happyREAD MORE
292,5,Nice phone 📱READ MORE
293,5,The best mobile in IndiaREAD MORE
294,5,Premium look and quality with excellent performanceREAD MORE
295,5,Battery life is unbelievableREAD MORE
296,5,Nice phone😍READ MORE
297,5,Nice productsREAD MORE
298,5,Gud phoneREAD MORE
299,5,The camera is so beautiful and it takes good pics in portrait mode here are some sample picsREAD MORE
300,5,"Awesome phone, *Camera is excellent*Battery backup is superb just like an Android phone*Performance is brilliantI phone 15 is best phoneREAD MORE"
301,5,Camera is awesome display and sound quality is amazingREAD MORE
302,5,Nice phone speakers display and camera quality amazingREAD MORE
303,5,"I upgraded because of the band that is 5G and a better camera , look wise it is good and weight is comfortable to carry. Dynamic Island if catchy to eye. It keeps the Apple standard, gels well with Apple ecosystem like AirPods , iwatch, mac . Though a little pricey at this point but one may wait for or some sort of discount offers.READ MORE"
304,5,Most value for money iPhone ever.READ MORE
305,5,Amazing phone just no words to say...just one complaint that some features are easy on Android but in ios its takes more time to do it...READ MORE
306,5,"Great phone , worth the moneyREAD MORE"
307,5,"I was sceptical at first about moving form an android to ios. I was confused between s23 and ip15 but i bought this phone and i must say i am very happy about it. I have not faced any issues in this device since I have been using it, no heating while gaming, charges quickly, and believe me if you have been using 60hz panel before this you will not have any problems but coming from a 120hz panel you might need some time adjusting to it. All in all this has got to be the best phone under 70k ca...READ MORE"
308,5,Loved itREAD MORE
309,5,Awesome picturesREAD MORE
310,3,Nothing to say 💸READ MORE
311,5,GoodREAD MORE
312,5,GoodREAD MORE
313,5,I just loved it as I bought the phoneREAD MORE
314,5,AmazingREAD MORE
315,5,The best product value for moneyREAD MORE
316,5,NiceREAD MORE
317,4,Very niceREAD MORE
318,3,Sim not workedREAD MORE
319,4,"This device offers excellent features, however, it is not recommended for purchase due to the reduction in camera quality and battery life. Despite these drawbacks, the build quality is robust and superior to the latest iPhone model.READ MORE"
320,5,Everything is good Go for it Strongly recommended 🤗✌️🎈READ MORE
321,4,Very GoodREAD MORE
322,1,Bad productREAD MORE
323,5,I phone is batter than other phonesREAD MORE
324,5,BestttREAD MORE
325,3,"Great experience, Good product.READ MORE"
326,5,Device performance and camera clarity especially cinematic mode assume performance sound clarity Dolby Atmospheres in apple music songs 🫶 worthy for money.READ MORE
327,5,Best !READ MORE
328,4,Value for money good phoneREAD MORE
329,5,All Ok. Battery is also OK. Need not to worryREAD MORE
330,5,"It bought it 2 yrs back , at flipkart big billion days for 54kIts camera is not worth , there are better camera mobiles in android at even budget range than this , but still wil prefer this for  3 main reasons1) ios - its simple , neat and clean (u cant experience it even in samsung s series devices) and am getting timely software update even after 3yrs of its release and not even a single lag in this past 2 years2) resale value - it showed 35k just till before this 2024 big billion days ...READ MORE"
331,5,This product very nice andREAD MORE
332,5,Reviewing after 1.5 years of purchase. Still works like a charmREAD MORE
333,5,Just amezing 🙂love itREAD MORE
334,2,Waste moneyREAD MORE
335,5,Good experience Excellent serviceREAD MORE
336,5,Its phone is amazing performance And photo click is perfect 👌👆READ MORE
337,4,battery life is not so good. it drained way too fast. rest of it is great.READ MORE
338,1,Worst after 2 yearsREAD MORE
339,5,Love itREAD MORE
340,1,Display got burst out green line after updatingREAD MORE
341,5,OkREAD MORE
342,4,Good qualityREAD MORE
343,5,I am using this phone for last 2 years. This is best phone I have seen in this range in terms of camera. It is still best and in competition with iphone 14 and 15.READ MORE
344,5,"Good product and good delivery, thanks FlipkartREAD MORE"
345,1,very bad experienceREAD MORE
346,5,goodREAD MORE
347,3,Good luckREAD MORE
348,5,Performance greatREAD MORE
349,4,GoREAD MORE
350,4,Camera is great Performing is greatI love this phoneREAD MORE
351,5,Excellent phoneREAD MORE
352,5,My favourite mobileREAD MORE
353,5,One of the best apple productsREAD MORE
354,5,OverallREAD MORE
355,5,As apple providesREAD MORE
356,1,"After one year of usage the phone screen went green, and job sheet generated for the phone says no physical damages presentREAD MORE"
357,5,Amazing device over all performes better than other devicREAD MORE
358,5,SupperREAD MORE
359,5,AmazingREAD MORE
360,5,Loved with the product very nice device in 2024 alsoREAD MORE
361,5,"I m loving it, Great product and money worthREAD MORE"
362,5,Nice oneREAD MORE
363,5,All goodREAD MORE
364,5,Amazin user interfaceREAD MORE
365,5,Switched to apple and no regretsREAD MORE
366,5,GoodREAD MORE
367,5,Awesome phoREAD MORE
368,5,Awesome haiREAD MORE
369,5,Camera quality is very goodREAD MORE
370,5,This the best iphone version from 12 till 15..READ MORE
371,5,First iPhone.amazinhREAD MORE
372,5,Amazing 😻READ MORE
373,4,"Excellent phone, only battery backup low.READ MORE"
374,4,Awesome phoneREAD MORE
375,5,Nice product ￼READ MORE
376,1,"I got the product, but its not working. Trying to power on, its still no response. Charged in more tha hrs. Still same issuesREAD MORE"
377,5,Amazing love u iPhone13READ MORE
378,1,Got green line after software update just after warranty period. I checked forum there is a lot of people with same issue.Apple Service says pay 24000 to 28000 to change Display for issue Caused by their Software update 17.6.1 which is said as critical security fix update. Lol they send critical Security fix and Updating causes green screen and replace screen every time they send updates ? Go for a quality android device one plus and other brands gives screen replacement.READ MORE
379,1,Stopped working after a year.READ MORE
380,5,Very niceREAD MORE
381,5,Amazing as usual iphone👌😍 Camara awesome battery is OK okREAD MORE
382,4,GoodREAD MORE
383,5,camera NiceREAD MORE
384,3,GoodREAD MORE
385,5,GreatREAD MORE
386,5,LovelyREAD MORE
387,5,Everything thing is ok except battery backup. It can be improvedREAD MORE
388,5,Nice productREAD MORE
389,5,Good midnight I love this device.READ MORE
390,5,Looking like a wowREAD MORE
391,5,I love it osm camera just like wowREAD MORE
392,5,Superb phone👍👍READ MORE
393,5,ExcellentREAD MORE
394,5,Thanks FlipkartREAD MORE
395,4,It my first time very good productREAD MORE
396,3,Best prodouctREAD MORE
397,5,Nice ok raushan kumar raj Morning King   IFCREAD MORE
398,5,goodREAD MORE
399,5,GoodREAD MORE
400,5,Amazing performanceREAD MORE
401,5,I am so happy my husband gifted to meREAD MORE
402,2,Found some issues1. intermittent incoming and outgoing voice is not working2. I am Unable to talk during speaker on 3. Space is fully and no option is available for update4. Maximum time screen auto lock.user irritatedREAD MORE
403,5,Very niceREAD MORE
404,5,My first iphone ever. Midnight color is awesome. Performance is amazing. Overall i really liked the device.READ MORE
405,2,Camera quality poorREAD MORE
406,5,Wonderful mobile.. Loving a lotCamera: Best in the marketBattery: Last more than 1 day for normal usersREAD MORE
407,1,iPhone 13 bed iPhone quality 😒READ MORE
408,1,Too much signal issue arising /Signal IC problem or Repaired model sentHeating problem observed only Best in camera remaining all not satisfied 👎🏼READ MORE
409,1,Very costly iphone 13. Not value for money.READ MORE
410,1,"worst decision to buy from flipkart , they give away those products which have some issues with it. Within 1 year my iphone 13's display was fully stropped working and no one even from apple support helped me with that.READ MORE"
411,1,"Don't buy iPhone from Flipkart. They sell defective products which has already undergone some minor repair work, a kind of refurbished. iphone to which I have purchased from Flipkart doesn't even last for 2 year, many issues like battery heat, less touch responsive, occasional not working of wifi and Bluetooth like this many issues have started.READ MORE"
412,1,Not good phone es hitREAD MORE
413,1,BadREAD MORE
414,1,Worths smartphone ever bought camera got degrade in just 1 monthREAD MORE
415,1,Health Reduce 4 percent in just one MonthREAD MORE
416,1,GoodREAD MORE
417,1,Mobile was not on after new update recived on 25 Jan 2024. Now mobile not in warranty so apple will not replace with new one. So my total money waste because of apple new update. Do not by this mobile.READ MORE
418,1,Heating Problem after  1 Month Use.READ MORE
419,1,very badREAD MORE
420,1,After use of I phone 13 from previous 7 month My review Low quality phone I have ever seen camera average and battery quality very poor in 7 month 92% health remaining. Required Charge two time in a day. Finally I realised I phone is a show off phone quality not maintain.READ MORE
421,1,SuperREAD MORE
422,1,Product is good but EMI transaction not given after bill generate  flipkart  is not good for purching  any productREAD MORE
423,1,My Iphone's motherboard got damaged just within 1 year 8 months. this is so disappointing. Never going to buy an IphoneREAD MORE
424,1,Don't buy in flip kartREAD MORE
425,1,Bettry quality veer poor 3 month Bettry percentage down I hate this productREAD MORE
426,1,Worst experience by FlipkartREAD MORE
427,1,Bad product from a trillion dollar companyREAD MORE
428,1,Very. Bad experienceREAD MORE
429,1,Phone is heating from side after using 2 mntsREAD MORE
430,1,After 7 month use battery is going to die. I have to charge 3 times in the dayREAD MORE
431,1,I bought this iPhone 13 before big billion day and phone charging drained completely after that its not switching on even if I charged for more than 10 times. It's a big disappointment.READ MORE
432,1,Veer veer badREAD MORE
433,1,Phone is having heating issueREAD MORE
434,1,iphone 13 overheating VERY BADREAD MORE
435,1,Automatically restart Every few minutes. Worst Product ever.READ MORE
436,1,My i phone after 12 days this screen not working auto back to home and hanging issue or ..camera not working 😭 very bad product don't buyREAD MORE
437,1,Phone is good but the packing is worstREAD MORE
438,1,Not badREAD MORE
439,1,"Taking money for the brand. Not having basic features like shortcut dailing, prediction of contact number, histry capacity of dailing is low battery capacity etcREAD MORE"
440,1,After 3-4 days its feels like burden because its not that good like Android..  in this price range u can buy better AndroidREAD MORE
441,1,The product is goodBut customer service is very very bad it took 2week to deliver  no response for seller also with the customer serviceREAD MORE
442,1,"Worst experience of using a phone. Battery drains too quickly, phone heats up extremely and also the phone hangs while using many apps. Restarting the phone and again is also irritating. Never recommend it to anymore go for one plusREAD MORE"
443,1,Please improve battery healthREAD MORE
444,1,Worest phone please buy Android don't buy iPhone's it's a wastage of moneyREAD MORE
445,1,Battery 🔋 damageREAD MORE
446,1,Third classREAD MORE
447,1,Third classREAD MORE
448,1,Screen blinks sometime.READ MORE
449,1,"Worst experience, failed in comparison of android as no active TrueCaller for calls, call limit history to 100 calls, onpy 5 gb data storage, no charger, senseless its better to buy other brands at this rangeREAD MORE"
450,1,Showing alot of heating effect on chargingREAD MORE
451,1,"Not worthy, worst touch response, not user friendly at allREAD MORE"
452,1,Useless product from apple. Touch not working properly after ios 16 update. Had to hard press while typingREAD MORE
453,1,Price is very high according to features and design.READ MORE
454,1,Very very poor QualityREAD MORE
455,1,"The delivery boy is very rude he was not picking up the phone and not delivered the item as per the schedule I have to went the ekart office and taken my parcel,this was not expecting from Flipkart.READ MORE"
456,1,"Phone heating too much , it has some problem and not performing well due to heating issueREAD MORE"
457,1,Paint is chips the battery drain faster then normalREAD MORE
458,1,Only Camera is Good. Battery IssuesChanging issues Heating issues Display issues Performance issues The issues are created after an year.Overall Bad experience.READ MORE
459,1,Bad battery packREAD MORE
460,1,Access heating issue in iPhone 13READ MORE
461,1,Battery very poorREAD MORE
462,1,Overheat when goes to outside even in winter'sPerformance is goodCamera is goodBattery performance is not so goodREAD MORE
463,1,with in a month the touch got stoppedREAD MORE
464,1,First iPhone. Good camera and performance than some of the flagship android phones but WORST battery performance. Not a heavy user but the battery health has dropped to 93% within 1 year. That is seriously awful!READ MORE
465,1,"supplied bad product ,getting hot every timeREAD MORE"
466,1,Battery Health Decreasing to 90% within a yearPhone is Shutting down Anonymously any timePhone Screen get Hang Any timeREAD MORE
467,1,Product is good i giving 1star because of flipkart bad servicesREAD MORE
468,1,I think 🤔 in chaina phoneREAD MORE
469,1,Camera have problem of dots creating in pictureREAD MORE
470,1,Mobile gets heated Battery back up not goodREAD MORE
471,1,Severe Heating issue...battery draining very fast on very nominal use. Worst phoneREAD MORE
472,1,"Worst mobile at this price. Heating issue, hangs after few minutes of gameplay. Not user friendly.READ MORE"
473,1,if you forgot your password accidentally then I have to be erased no one can restore unless it is backed up on icloud which is very expensivealso there is no call recording available which is very important these days.Android is bestREAD MORE
474,1,I don't like this phone. Apple iphone performance has decreased drastically. Low battery backup video recording on 4k resolution is badREAD MORE
475,1,Worst exchange service by Flipkart.Request everyone purchase phone directly otherwise use exchange service of other platform.Ok minor scratches on back panel they deducted 1350rs.I got only 1500 for a 4G Handset.READ MORE
476,1,My usb cable not workingREAD MORE
477,1,Mic is not working properlyREAD MORE
478,1,Heating problem and sometimes hanging problem are the main issuesREAD MORE
479,1,"Unable to transfer photos, contactsREAD MORE"
480,1,Terrible product Device overheated and unable to onREAD MORE
481,1,back glass start cracking automaticalyREAD MORE
482,1,Really bad battery backup seems suspicious!READ MORE
483,1,"Battery is draining very fast and hanging during gaming , only one thing is good which is camera 😔😔😔😔😔😔READ MORE"
484,1,Battery Performance is too poor. Within 6 months Battery Percentage goes to 90%. And it Hangs too. Sometimes I am not able to receive calls due to hanging problems.READ MORE
485,1,Heating and lag issue  and graphic frame dropped problem when you using game andREAD MORE
486,1,product is awsomeREAD MORE
487,1,PoorREAD MORE
488,1,Pls dnt buy any premium mobile in online u can't change anythingREAD MORE
489,1,Just okay to useREAD MORE
490,1,Too much heatingREAD MORE
491,1,heating issueREAD MORE
492,1,facing display issueREAD MORE
493,1,Iphone is good but the delivery 😡😡😡🤬🤬🤬🤬😡😡 is not good it take more then 10 days please Flipkart improve your delivery 🙏🙏🙏READ MORE
494,1,Camera is not goodREAD MORE
495,1,Too  much costlyREAD MORE
496,1,Something bad with all the products from FlipkartREAD MORE
497,1,Only Camera is Good. Battery IssuesChanging issues Heating issues Display issues Performance issues The issues are created after an year.Overall Bad experience.READ MORE
498,1,I got a crappy product and then the invoice is also not getting downloaded. It shows that it is corrupted. On top of that the executive doesn't hv anything to support me and when I asked to change my email id they say I need to send my pan card on an email for the same. What kind of nonsense show are u guys running. The phone has gone bad in just 3 months not getting started only.READ MORE
499,1,Battery performance very poor 1 day 2 time chargesREAD MORE
500,1,Wrost phone ever... Isse achha Nokia 3310 leloREAD MORE
501,1,Very slow deviceREAD MORE
502,5,"Awesome battery backup amazing camera, a all day batter backup  improved and brilliant IOs 16.1 oled display dolby speakers and lot more, just close your eyes and go for it. One of the best handy smartphones ever and in great discount given by flipkart in big billion days 🔥READ MORE"
503,1,Battery performance is very poorREAD MORE
504,1,After 1 month the phone is deadREAD MORE
505,1,Facing lots of problems really very very disappointed. Touch is not working. If video uploading option will be there than I can saw you the full video how it was working. I want to return this productREAD MORE
506,1,After 1 month battery health fall to 98%READ MORE
507,1,Battery problems I use iPhone but this phone very Dall batteryREAD MORE
508,5,Just an absolute beast. Got it for 50k in sale. Shifting from android to ios took a litkle time but the experience is amazing. The most loved part is camera and performance. Not playing games overall experience is good so far.READ MORE
509,5,"It is an impressive piece of technology that has truly raised the bar for smartphones. One of the standout features of the iPhone 13 is its stunning display, which offers crisp, clear visuals that make everything from streaming movies to scrolling through social media a joy.The performance of the iPhone 13 is also top-notch, with the latest A15 Bionic chip powering the device to lightning-fast speeds. The battery life on the iPhone 13 is also excellent, with the device able to last all day ...READ MORE"
510,1,Camera quality very poorREAD MORE
511,1,Phone was dead within 20 days span after I bought it in the sale. Hardware issues inside the mobile. Service centre people were changing the entire mother board. Don't purchase any electronic items from Flipkart sale. The myth is true.READ MORE
512,5,Amazing Love the camera 📸READ MORE
513,1,Battery is draining issueREAD MORE
514,1,Front camera very poorREAD MORE
515,1,Very badBattery is poorREAD MORE
516,1,Poor performanceREAD MORE
517,1,Receiving speaker hardware issue found in 7 days..READ MORE
518,1,"Camera stopped working from 3rd day , not acceptable by Apple and Flipkart , you cannot sale such products in the name of offering discountsREAD MORE"
519,5,"Nice product and smooth mobile, Camera quality very nice, plz buy this PhoneREAD MORE"
520,1,Worste experience i had. Signal reception problem and touch issuesREAD MORE
521,1,Nice camera and performance but battery draining very fast after ios 16 update.READ MORE
522,5,Best in class brand is always brand but price variation in always got change at so many times some offers get mind blowing.READ MORE
523,1,my iphone 13 just got dead at 85% battery... just within 12hours of unboxing.... i havent even have any data and sim ... just used hardly for 2-3hours....READ MORE
524,1,Recieved new iphone 13 with deep scratch on left side.Worst purchase on Big Billion Day and Bad support by Flipkart as no replacement provided for this only return policy. Very bad experience and feeling cheated for my purchase.READ MORE
525,1,The phone turned off after 2 hrs of use and is unfunctional piece of junk nowREAD MORE
526,5,This one is fabulous at every point.READ MORE
527,5,Phone is awesome for a first time iOS user but the battery backup is not as per expectation.READ MORE
528,5,It's  just mind-blowing  I have switched from Android to iOS it feels fantastic. The  alluring effect and  the fascinated color it's top notch. I was hesitating to buy online but one can completely rely on. Special thanks to ekart and flipkart to deliver only in 2days delivery is quick  and trustworthy.READ MORE
529,4,Apple as always at its best. However the battery isn't that great as the apple claims. I m a little moderate user. Have to charge the device twice a dayREAD MORE
530,2,Not satisfied with the cameraREAD MORE
531,2,The 13 series model has the green screen issues after software updates. Won't recommend as the after service is too bad.READ MORE
532,2,Product is good.I like its camera function and much more function.Only one problem body color removed in only three month.READ MORE
533,2,Poor product for such a phone. Is that sold in offer is such problematic? Display keeps hanging...not happy at all...READ MORE
534,2,"Getting hang while browsing , and charging too .READ MORE"
535,3,"Though i am using Google pixels 6 along with this iphone 13, trust me guys the camera quality of Google pixel is far better even my sister's samsung galaxy s21 camera has more features with great image quality. Iphone is just a hype ans showoff materials. But yes it's performance, ram management, and most importantly privacy & security is appreciating.READ MORE"
536,3,So many thing are missing. If i campare it with my android phone costs around nearly 9k inr my andoid phone is better than this Split window MultitaskingFingerprint App lock 3.5 Mm jack Battery is so poor So many thingREAD MORE
537,3,"Colour is very good .but they should improve battery performance. Display quality is very good .camera  is much better of samsung mobile.earlier i was using samsung ,camera quality of samsung is much better for video purpose iphone is good,very slow charging.otherwise  everything is good.the main problem is battery charging and its performance.READ MORE"
538,5,Awesome camera…. Best premium phone with superb performanceREAD MORE
539,5,"Shifting from Android after 10 yearsCons in iphone or ios:1.Notification centre is a mess , many of notification you leave unread.2.No back gesture3.Camera unable to focus on small textCan't decline call when phone is locked4.Limited file sharing options5.File manager is useless as there is no app-linked folders6.Google apps syncing isn't that smooth , limited options for google drive.Pros in iphone or ios:1.No lag, every thing happens like snap2.Camera is so good3.Easily get fu...READ MORE"
540,3,I m nt happy with camera other wise all department is coolREAD MORE
541,3,Very bad experience with battery backupREAD MORE
542,4,"This device offers excellent features, however, it is not recommended for purchase due to the reduction in camera quality and battery life. Despite these drawbacks, the build quality is robust and superior to the latest iPhone model.READ MORE"
543,5,Awesome camera qualityREAD MORE
544,1,with in a month the touch got stoppedREAD MORE
545,3,Battery performance is not goodREAD MORE
546,4,Camera 9/10Video Recording cinematic 10/10Battery 10/10 superb battery backupOverall Performance 9.2/10READ MORE
547,4,Display superb jest owsome and 49 k purchasedREAD MORE
548,3,Good performanceREAD MORE
549,2,The camera quality is not at all goodREAD MORE
550,3,Phone has small scratches on screen.... while charging phone battery get too hot.READ MORE
551,5,Pros-rear Camera is awesome.double speaker sound equal loud and base is superb display superb. Design also good.Battery back up superb.Cons-front camera is good not awesomeAfter switching from android you feel one minus point is the display notch .READ MORE
552,5,Too goodREAD MORE
553,5,Awesome phone Excellent camera qualityREAD MORE
554,5,Best of bestREAD MORE
555,5,Excellent mobile.. dream purchaseREAD MORE
556,5,"LOOK - Its my first love apple i phone 13, first time purchase this phone but its look awesome in white colour love it.  hand feel too much premium.CAMERA - Mind blowing camera performance font camera and rear cameras take too much awesome qualities pictures . Night mode is supergood low light performance impressed mePERFORMANCE - its bionic a15 chipset faster ,have 60hz refresh rate but its beatable 120hz DISPLAY - uts OLD XDR RETINA display too much good look display i get 10 of 10 for d...READ MORE"
557,5,Just amazingREAD MORE
558,5,Outstanding camera and performanceREAD MORE
559,5,Best phone in recent times I have used in my lifeREAD MORE
560,5,"Camera quality, performance, battery ,everything is up to mark.READ MORE"
561,5,Nice PhoneREAD MORE
562,5,Superb camera.nice performanceREAD MORE
563,5,Goooood. Loved it😍READ MORE
564,5,"Amazing phone with improved performance, good battery backup and stunning camera clearity. If you are looking for a power pack phone then just go for it. :)READ MORE"
565,5,"Amazing beast....As expected , didn't disappoint me,Had to sell hard chunk of kidneys to get it !!;pCamera quality is definitely a super upgradeBattery is super.. easily last throughout the day with heavy usage.Light weight looks stylish what else you need??Starlight color just wow!!!Apple it would have been better if you should  have given an adaptor. Increase 2k price and give it in box!!!Simple ....Edit 1 : After 14 days of usage highly satisfied with battery performance, Last thr...READ MORE"
566,5,Awesome camera..I m love  itREAD MORE
567,5,Nice upgrade!!Design superCamera is decentPerformance superBattery life is greatREAD MORE
568,5,Very good quality photos. Love it❤️READ MORE
569,5,ExcellentREAD MORE
570,5,"Reality is reality. Everything is working smooth, jist go for it without any hesitation. You won't be regret once you buy it.READ MORE"
571,5,Finally Switched from android. In hand feel is super amazing. Photos comes out very good. Stereo Speaker is loud and clear. Screen quality is wow i mean watching experience is super satisfying. And the haptics is also very good .READ MORE
572,5,Camera quality is awesome ❤️ love this phone .READ MORE
573,5,"Shifting from Android after 10 yearsCons in iphone or ios:1.Notification centre is a mess , many of notification you leave unread.2.No back gesture3.Camera unable to focus on small textCan't decline call when phone is locked4.Limited file sharing options5.File manager is useless as there is no app-linked folders6.Google apps syncing isn't that smooth , limited options for google drive.Pros in iphone or ios:1.No lag, every thing happens like snap2.Camera is so good3.Easily get fu...READ MORE"
574,5,very nice product camera quatily is super good i will switch from android to iphone i have very good experience .READ MORE
575,5,Awesome camera clarityREAD MORE
576,5,"It’s a camera and performance beast mobile no doubt, it feels premium in hand. It’s not that much value for money, I’d rather say no person buys apple products for value for money. Overall good product. Other than that it’s iPhone, go for it.READ MORE"
577,5,One of the best worth of money 💸💰READ MORE
578,5,For Cinematographers 💯🪄READ MORE
579,5,BEST EVER EXPERIENCE 😍😍READ MORE
580,5,"My dream phone Iam waiting after 10 years bought these phone. Fully happy phone performance display camera etc awesmome,selfie camera focus to alpple company. Main camera performance awesome,display, Sound quality Dolby atoms,charging also very improved.overall super 🥰READ MORE"
581,5,Awesome camara….best for BGMIREAD MORE
582,5,Camera quality is superbREAD MORE
583,5,Everything is best about it.. One of the best camera lens to capture low light pictures👍READ MORE
584,5,Superb CameraREAD MORE
585,5,Loved it and thanks flipkart i bought it in exact sale and received the product on next day thanks for faster delivery flipkart ❣️READ MORE
586,5,"LOOK - Its my first love apple i phone 13, first time purchase this phone but its look awesome in white colour love it. hand feel too much premium.CAMERA - Mind blowing camera performance font camera and rear cameras take too much awesome qualities picturesNight mode is supergood low light performance impressed mePERFORMANCE - its bionic a15 chipset faster have 60hz refresh rate but its beatable 120hzDISPLAY - uts OLD XDR RETINA display too much good look display i get 10 of 10 for displa...READ MORE"
587,5,Very goodREAD MORE
588,5,Nice productREAD MORE
589,5,This is lit 🔥🔥🔥READ MORE
590,5,Nice experienceREAD MORE
591,5,Camera  is superb 🫡❤️READ MORE
592,5,nice phoneREAD MORE
593,5,Stunning 10/10READ MORE
594,5,"I switch to ios from android after 8yrs As expected, didn't disappoint meAwsome camera 📸 picture quality is amazingAmazing battery health 🔋Face id is owsmI am satisfied to buy iphone 13READ MORE"
595,5,Battery life is good.Display is very good.Performance is great.Stereo sound is good.Camera is fantastic.In hand feel perfect.READ MORE
596,5,Just love it ❤️Camera is good Night mode is killer Performance and display is best Face id is very fast Looks very premium in hand Just go for it without thinking too much !READ MORE
597,5,"First iPhone I’ve bought, and with my own money so all the more sweet! Have being using it from the last couple of months, I’ve been amazed at the usage, design, and inter-operability with Apple devices.READ MORE"
598,5,"ProsOutstanding design - sturdy and water-proofed.Bright OLED screen, HDR10, Dolby Vision.Dependable battery life.Loud stereo speakers, excellent output.Unmatched performance, 5G.Great all-round photo and video quality across all three cameras.ConsMinor upgrade over iPhone 12.No 120Hz refresh rate.The notch is still an eyesore even if smaller.The fast charging can be handled better.iOS (with its limitations) remains a love it or leave it affair.READ MORE"
599,5,Great camera for photos and videography.Overall great performanceREAD MORE
600,5,* Battery last about 1.5days for the normal use* Display best among all* Performance top notch * Camera where the actual beast reveals so satisfying.Video clarity best in the segment.* Over all best Except the price 😜READ MORE
601,5,First time I switched from Android to iOS and the feeling is awesome. It has Good DesignGood CameraGood Battery BackupFabulous PerformanceBatter DisplayEverything in this phone is perfect.   Thank you Flipkart for secure  and fast delivery of a awesome product. 🥰READ MORE
602,5,"Just loved it, Awesome 😍READ MORE"
603,5,Amazing performanceREAD MORE
604,5,"Picture quality is amazing you do not need to think twice about buying this for performance and photos, just go for it. Bionic A 15 is super fast and it has amazing performance, It is specially good for gaming although battery backup is not that good if you are a heavy user,But if you are a light or medium user it will give you battery backup of whole day in one charge.READ MORE"
605,5,Just upgraded from 11 to iPhone 13 ..cinematic mode video awesome camera awesome display awesome Looks A1 battery life is also good.New filter mode in camera addedREAD MORE
606,5,I loved the phone ... Especially  the camera and parformence . Apple has done tremendous work in i phone 13 seriesREAD MORE
607,5,Very Nice Phone Camera AwesomeREAD MORE
608,5,Very good camera quality is great 💓READ MORE
609,5,"Totally worth the price, better battery backup, amazing photos and videos.READ MORE"
610,5,Overall satisfied purchaseREAD MORE
611,5,Awesome camera Amazing battery life Super xdr display is 💕👌🏻Playing games and day to day task are smooth Face ID is superbiOS 15 is really awesome 🤩 thanks to AppleREAD MORE
612,5,"Product as good as expected 😊Nice feature nice cameraVery good in all fields,❤️❤️❤️❤️❤️I phone 13 great productREAD MORE"
613,5,Excellent phoneREAD MORE
614,5,AwesomeGreat experience I shifted android to ios great use easy to learn Best wide angel cameraREAD MORE
615,5,Its nice phone camera and display very niceREAD MORE
616,5,Value for money.READ MORE
617,5,I loved it❤️READ MORE
618,5,My 1st Iphone. Really Awesome....READ MORE
619,5,Camera quality is superb 10/10 Battery 10/10Overall is superb.❤️READ MORE
620,5,Camera quality is awesomeREAD MORE
621,5,Performance very good Display very good Battery good Look very goodREAD MORE
622,5,Perfect till the date.READ MORE
623,5,"Excellent product, photo quality was great and video was excellent, good battery life and if it has more than 60hz refresh rate it would be great and everything else is greatREAD MORE"
624,5,Loved itREAD MORE
625,5,If u have enough money .. surely GO FOR ITAlthogh there is no big difference between 12 and 13 but diagonal cameras make it look different and unique from others Pro level mobile.. these are just simple images taken randomlyREAD MORE
626,5,Just loved this phone.READ MORE
627,5,"Very impressed with this order.. i phone 13 best in class , awsm camera quality, fastest in speed,Very happy with my productREAD MORE"
628,5,nice cameraREAD MORE
629,5,It’s my first ever ios device I kinda loving it total value for money. Best ever budget smart phone and thank you flipkart for delivering it in one  day.READ MORE
630,5,Such an amazing device. Bought 3  for all my family on Flipkart big billian sale. Thanks FlipkartREAD MORE
631,5,"Best Phone to go, Feels smooth and really good camera is really awesome and performance also at it's best.i got a best price totally worth it 👍🏻And delivery speed was Awesome 😎READ MORE"
632,5,Got it in 2 days.so happy with the phone.starlight white is classy n suberb. That premium look is exquisite.Flawless ui... better battery backup.I am satisfied with the purchase.There is no phone like an iPhone :)READ MORE
633,5,Camera quality and performance is extraordinary 🔥🔥READ MORE
634,5,Awesome lookingREAD MORE
635,5,Nice product😍READ MORE
636,5,Best ever smart iPhoneREAD MORE
637,5,This is my first iPhone. Shifted to ios after 5 years of android.Without taking much time Let me share my experiences with this beast.Camera - 10/10Battery - 9/10Display - 10/10Performance - 10/10Design - 10/10READ MORE
638,5,Awesome! Battery life too good when compared to mini seriesREAD MORE
639,5,What a feeling ✨READ MORE
640,5,Simply superb ❤️READ MORE
641,5,Truly a great machine even in 2023. Fabulous camera and a decent battery backup.I shifted from a poco x3 and booyah!! Incredible device but apple must provide charger👍READ MORE
642,5,Awesome powerful phone. Really loved itREAD MORE
643,5,Nice PhoneREAD MORE
644,1,"The screen is going blank, not able to connect with call centre.READ MORE"
645,5,Apart from camera and performance it’s battery is fantastic.READ MORE
646,5,What to say its 💕💕 iphoneREAD MORE
647,5,Good...READ MORE
648,5,Very nice cameraREAD MORE
649,5,Love it cameraREAD MORE
650,5,"It's a new iPhone! It's faster than the last ones I guess, and it should be good for the next 80k miles. The only gripes I might have, probably is not with the phone but the latest incarnation of iOS. I had to go into settings to turn off facial awareness to have a loud ringer, and it seems my screen isn't nearly as sensitive to touch in text areas as my old XR. As I've said though, it's most likely something in the new Operating System yet to be ironed out. Still a nice piece of kit, yet no ...READ MORE"
651,5,If you have the budget go ahead and buy without any other thoughtsREAD MORE
652,5,Good performance and camera 😍😍😍😍READ MORE
653,5,Nice Camera QuilityREAD MORE
654,5,Elegant piece.READ MORE
655,5,It the best and smoothest phone i have used till date People ised to say iphones have less features than android but i am discovering isefull features daily. Camera is brilliant but has the same typical iphone lens flare issueREAD MORE
656,5,I just loved the mobile pics are good battery is good tooREAD MORE
657,5,Always IPhone is bestREAD MORE
658,5,*Awesome Phone*Must buy ...READ MORE
659,5,Beast phone …. Camera is exceptionally bestREAD MORE
660,5,The product is good in terms of camera quality and overall experience.READ MORE
661,5,Awesome 👍😎READ MORE
662,1,Type c to Lightening cable stopped working after 2 daysREAD MORE
663,5,💥Next Level LookingREAD MORE
664,5,"Very impressed with this order.. i phone 13 best in class , awsm camera quality, fastest in speed,Very happy with my productREAD MORE"
665,5,If u have enough money .. surely GO FOR ITAlthogh there is no big difference between 12 and 13 but diagonal cameras make it look different and unique from others Pro level mobile.. these are just simple images taken randomlyREAD MORE
666,5,The most premium feeling I ever had while holding a phone was of this iphone 13.This is my first iPhone apart from having ipad pro but i can guarentee you that it had the most premium in hand experience.The flipkart service was awesome and it got delivered before expected date. Hats off! Overall an excellent experience it was. An iphone is not hyped just for no reason. 👌READ MORE
667,5,Amazing phone I bought it on BBD sale for my wife and everything is perfect in this phone..READ MORE
668,5,I like iPhone 13 because battery backup is best also fast changing ….Camera 👌👌READ MORE
669,5,I phone 13 is one of the best phone ever it's worth it If you thinking to buy this phone go ahead it's best choice for this price rangeREAD MORE
670,5,Superb Phone.... I loved it....READ MORE
671,5,FabulousREAD MORE
672,5,Worth itREAD MORE
673,5,My 1st IPhone…Nothing to say just love itREAD MORE
674,5,Awesome Gadget as expected….But overpriced….Overall Performance is up to the mark. Especially battery battery performance is outstanding. Camera=Average Performance. Overall 5/5 star.READ MORE
675,5,exceptionally great phone. switched from android to ios and my first experience is just fabulous. i recommend this phone if you want to use it for 4-5 years.READ MORE
676,5,Classy Product awesome lookREAD MORE
677,5,As beautiful as pic and as good as it has tooREAD MORE
678,5,Best camera best performanceREAD MORE
679,5,"I ordered this Iphone 13 from flipkart on big billions day.One of the best phone I have ever used.Amazing camera,amazing sound quality,amazing video and screen quality.Good built quality.Overall a good phone.At last Iphone.It is successfully delivered by Ekart logistic.Thanks flipkart for delivering my Iphone.READ MORE"
680,5,Nice product very optimized battery front camera average  very good back cameraREAD MORE
681,5,My first Apple products..no comparison..to other ✨READ MORE
682,5,I am sharing my experience after using 20 days of this phone.Camera quality is great 5/5Video quality is also great 5/5Battery life is Good 5/4Display is awesome.Overall phone is awesome 😍😍. I am also sharing some photos which have been taken from this phone.READ MORE
683,5,"If there is a will to own an iPhone, there is always a way.READ MORE"
684,5,"The camera is superb, while watching movies my honor 9lite perform better in display,but the sound i prefer iphone its crystal clear.. Overall its good but too expensive..READ MORE"
685,5,"It’s a camera and performance beast mobile no doubt, it feels premium in hand. It’s not that much value for money, I’d rather say no person buys apple products for value for money. Overall good product. Other than that it’s iPhone, go for it.READ MORE"
686,5,AwesomeREAD MORE
687,5,OutstandingREAD MORE
688,5,Superb Great performance Good quality photoREAD MORE
689,5,It is worth it Got the deal only at 52019Camera quality is excellentBattery backup is also good enough to use atleast one dayAnd build quality is also superbREAD MORE
690,5,Good better Than AndroidREAD MORE
691,5,For Cinematographers 💯🪄READ MORE
692,5,Using for almost 2 months.. very happy with the product 🤩READ MORE
693,5,Superb camera quality If apple would provide the adapter it would be much better 😁READ MORE
694,5,Satisfying productREAD MORE
695,5,Switched from Android to Ios. Had a Great Experience. Just loved it❤️❤️🎉READ MORE
696,5,"Super Buy. Phone is super fast though RAM size in paper less than competitors. Display super immersive, can use for hours without any eye strain. PREMIUM 5 STAR PRODUCT ANYDAY !READ MORE"
697,5,"Excellent phoneThe phone is all what you need and more. I love the face ID and how sensitive it is in this phone, it keeps my wallet secure and at the same time it works in least light possible. The camera is brilliant, with cinematic mode every picture is really beautiful, dont need to be a pro ;) The sound quality is perfect Now its time for business Notes allow me to take pictures of docs and turn it into PDF, and copy form an image and send it via email or paste it anywhere else. I can g...READ MORE"
698,5,"Camera quality, performance, battery ,everything is up to mark.READ MORE"
699,5,Superb CameraREAD MORE
700,5,Just loved this phone.READ MORE
701,3,"In comparison with an android phone, the only thing that bothers me is the UI. It is not so easy to use. There are some some handy features but overall it is not so user friendly. It is also very buggy, especially with the whatsapp. Camera is good but it has little manual control option.It heats up a lot, even in normal usage. And while gaming you can fry an egg on it.Battery is life is decent. It looks great though, simple and clean body design.READ MORE"
702,5,NICE EXPERIENCE OF USING FIRST IOS DEVICE CAMERA IS JUST KILLING DISPLAY IS VERY BRIGHT AND SMOOTH BATTERY IS OVERALL NORMAL ❤️READ MORE
703,5,"Upgraded from 7 plus to 13,It has vibrant display clarity Battery tooooo good,Video smoothness and picture quality Everything is good, price worthy🔥🔥🔥READ MORE"
704,5,Got it in 2 days.so happy with the phone.starlight white is classy n suberb. That premium look is exquisite.Flawless ui... better battery backup.I am satisfied with the purchase.There is no phone like an iPhone :)READ MORE
705,5,FIRST ONE TO REVIEW THIS... BUY IT...ITS IPHONE ..IT JUST WORKSREAD MORE
706,5,"The new iPhone’s display is brighter than its predecessor’s. The battery life is longer. And Apple has improved an already great camera with new sensors and computational photography features that make you feel like a pro (even on a non-Pro phone).Yes, the A15 Bionic powering the iPhone 13 is once again the fastest chip in the land. But it’s more about what this chip lets you do. This includes Cinematic mode, which adds depth of field to your videos while automatically shifting focus, and Ph...READ MORE"
707,5,Permofatic iphone and battery is really great as I am using i6 and i12pmax. I feel the battery performance is bigger than i12pmax. A compact and handy design. Though I missed i13mini in sale but overall a good iphone 13. Go with this type of back covers too.READ MORE
708,5,"This is My first I Phone  yet i am using an android. But my experience of using an iPhone is awesome the camera quality, Display touch and response time. But there is only 1 Bad things about this is it is little bit expensive 😂😂😂READ MORE"
709,5,Camera  is superb 🫡❤️READ MORE
710,5,Superb camera experience 😍READ MORE
711,5,niceREAD MORE
712,5,Worth it for iphone lover. Especially i am in love with camera❤️READ MORE
713,5,Tq so much ❤️🥰READ MORE
714,5,"This is my first Apple product and it's the best decision to switch from Android to ios, the camera is decent, and also the phone is compact performance and the battery is also good.READ MORE"
715,5,Camera quality is superbREAD MORE
716,5,Great performance 🥰READ MORE
717,5,LovelyREAD MORE
718,4,The performance really smooth its.my frst time experience on this beast. I loved the color. Its really amazing and fabulaous and ofcoz.the camera is just awesoomeeeREAD MORE
719,5,Satisfied All Specifications are good Especially Display and Camera💯🎉📱❤️🔥Slightly geting warmREAD MORE
720,5,No words to say... Everybody knows...  Hey siriREAD MORE
721,5,❤️next level deviceREAD MORE
722,5,super duperREAD MORE
723,5,I love this iphone 13READ MORE
724,5,I write write review after 5 days1:-Genuine product came2:-Camera quality awesome3:-Battery performance 10/104:-Design awesomeOver all no phone to 13 series5:- No fraud Flipkart send always genuine productREAD MORE
725,5,Iphone Is iPhoneREAD MORE
726,3,"Heating and lagging is started after 5-6 days other than its good,also good battery backup and fast charging 🤺 If heat and lag not matters for you than close your eyes and order itREAD MORE"
727,1,Too much signal issue arising /Signal IC problem or Repaired model sentHeating problem observed only Best in camera remaining all not satisfied 👎🏼READ MORE
728,5,Best !READ MORE
729,5,Its very good for gaming you can record and play bgmi very easily.. Without any frame drops and lagssREAD MORE
730,3,"Point to point review out of 5:Back camera: 1Back camera portrait: 2Front camera portrait: 3 (has many dramatic modes)Overall camera performance is inferior to any entry level smartphones. Excessive image processing and AI actually ruins the final image quality. Images are lack of details and sharpness. Overrated.Image stabilization in video is good enough, but comparable to any smartphones in the similar price range.Battery: 4Charging: 5Display: 5iOS handling: 4 (many handy optio...READ MORE"
731,5,Phone is osam Camera mind blowingREAD MORE
732,1,product is awsomeREAD MORE
733,5,Phone is good in all way. except sometime heating problem while using the Game.  overall battery performance is awesomeREAD MORE
734,4,FRONT CAMERA VERY POOR ANDROID HAVE GOOD CAMERA BETTER THEN IPHONES FRONT CAMERA 😿 UNBETABLE PERFORMANCE 🚀❤️🫶READ MORE
735,5,Excellent mobile and seamless performance.READ MORE
736,4,"Well, moved to iphone from Android. Everything is good and sound. I just really miss the fast charging and 120hz display. Other than than I am satisfied.READ MORE"
737,5,Happy with the battery and the device Cinematic and the camera really osmREAD MORE
738,5,"Worst OS ever used in my Life Fake Camera lol ois in camera picture quality is poor compare to android flagship, i will sold after one year.  made foolsREAD MORE"
739,5,Apple i phone 13 really awesome performance processor was really awesome all over performance is very goodREAD MORE
